rawBranche,domain,companyName
Einkaufen & Sparen - Hobby & Garten,feuerschalen.ch,Zogg Solutions GmbH
Einkaufen & Sparen - Hobby & Garten,naehmanufakturmuenchen.de,Nähmanufaktur München
Einkaufen & Sparen - Kleidung,disney-taschen-rucksack-kleidung.de,Disneykinder/A.R Sonderposten Vertrieb
Einkaufen & Sparen - Kleidung,modenachmass-scholl.de,Angelika Scholl-Mode nach Maß
Einkaufen & Sparen - Lebens & Genussmittel,der-kleine-senfladen.de,Der kleine Senfladen
Einkaufen & Sparen - Lebens & Genussmittel,natives-olivenoel-kaufen.eu,Holderied UG (haftungsbeschränkt)
Einkaufen & Sparen - Sport,akw-fitness.de,AKW Fitness & Sport GmbH
Einkaufen & Sparen - Sport,guenstige-sportnahrung.at,Strongsetter e.U.
Einkaufen & Sparen - Veranstaltungen & Karten,location-cham.de,Pension- Location Cham
Gesundheit & Schönheit - Maniküre & Pediküre,beauty-wellness-in-der-naehe.de,Jevio Jessica Leidel
Gesundheit & Schönheit - Sanitätsbedarf,wwellness.co,Worldwide Wellness
Gesundheit & Schönheit - Schönheitsoperationen,mommy-makeover.at,Mommy Makeover im Kuzbari Zentrum für Ästhetische Medizin
Gesundheit & Schönheit - Wellness,gesundheitszentrum-kreuth-am-tegernsee.de,Gesund & Vital Studio für Gesundheits und Personaltraining
Gesundheit & Schönheit - Wellness,herzmut-seelennest.de,Michaela Reichling
Handel mit Waren aller Art,reformhaus-fuelle.de,Reformhaus Fülle
Handel mit Waren aller Art,lesezirkel-bohn.de,Lesezirkel Brigitte Bohn
Haus & Garten - Pflanzen,cvramaker.de,Heckenpflanzen Ramaker
Haus & Garten - Schädlingsbekämpfung,spinnenalarm.de,Die Putzprofis
Haus & Garten - Sondermüll,1aumzuege.de,A.A.A 1A Umzüge GmbH
Haus & Garten - Zäune,sdh24.de,sdh24
Haus- u. Grundstücksservice,mk-hausgartenservice.de,MK Haus- & Garten Service Marco Krumbein
Internet & IT Services - Cloud-Dienste,arbeitszeitrechner-24.de,Arbeitszeitrechner Online
IT-Systeme / EDV-Systeme,michael-havers.de,Michael Havers
Obst und Gemüse,frischeinsel.de,Doganay Emin Groß- und Einzelhandel
"Papierwaren, Erzeugung",fotofrenzel.de,fotofrenzel GmbH Fotohaus
Party & Unterhaltung - Equipment,mydaydj.de,mydaydj
Party & Unterhaltung - Equipment,kobra.events,Kobra.Events - Lasershow Dortmund
Party & Unterhaltung - Hostessen,dem-security.de,D.E.M. - SECURITY
Party & Unterhaltung - Moderatoren,christian-ohrens.de,Christian Ohrens - DJ für Partys & Events
Party & Unterhaltung - Planung,cs-show.biz,CS-Showbiz
Produktion von Werbemitteln,folien-express.de,Folien Express
Reise & Urlaub - Flugreisen,erfolgreich-im-beruf.erfolgs-konto.de,Agentur Frey
Reise & Urlaub - Flugreisen,kozica.de,KOZICA REISEN GmbH
Reise & Urlaub - Hotels,heidy1971.multiply.com,Pension Paraguay Wiebe & Schmidt
Reise & Urlaub - Wohnmobile,hh360v.com,HH360V.COM
Reise & Urlaub - Wohnmobile,brekedo.de,BreKeDo Wohnmobilvermietung
Reparatur Elektrogeräte / Haushaltsgeräte,mueller-hausgeraete.de,Müller Hausgeräte GmbH
Service & Personal - Call-Center,emprego-ug.de,emprego Unternehmergesellschaft
Service & Personal - Call-Center,ophono.de,Ophono
Service & Personal - Call-Center,flatron.de,Flatron LTD
Service & Personal - Kommunikationstechnik,trotec-leipzig.de,Trotec-Leipzig.de
Service & Personal - Kommunikationstechnik,werbeflat.info,werbeflat.info
Service & Personal - Reparaturen,laptop-reparatur-muenchen.de,speed IT Oliver Nossack
Service & Personal - Urlaubsvertretung,guido-d.de,Fa. Guido Duske Kurier-/Kleintransporte
Service & Personal - Urlaubsvertretung,breno-kurier.de.to,BreNo-Kurier-Bremen
Service & Personal - Vermittlungsgeschäfte,connec-personal.de,connec personal
Service & Personal - Vermittlungsgeschäfte,umzugspartner-europa.de,Umzugspartner-Europa
Zweiräder,licornebike.com,Licorne Bike GmbH
